label,sku,name,category,qty
IR,,,Motion,88
OR,,,Motion,88
2800-0004-0010,2800-0004-0010,M4 x 0.7mm Zinc-Plated Socket Head Screw (10mm Length) - 25 Pack,Fasteners,75
2800-0004-0008,2800-0004-0008,M4 x 0.7mm Zinc-Plated Socket Head Screw (8mm Length) - 25 Pack,Fasteners,48
2824-0001-0021,2824-0001-0021,"E-Clip (mecanum roller pin, internal to 3625 wheels)",Wheels,44
PATCH,,,Fasteners,44
Shim,,,Fasteners,44
Shim,,,Fasteners,44
5103 Gearbox Barrel Screw (M3 x 8mm length Flat Head)_92010A118,,,Fasteners,40
2812-0004-0007,2812-0004-0007,"2812 Series Zinc-Plated Steel Nylock Nut (M4 x 0.7mm, 7mm Hex)",Fasteners,39
2800-0004-0012,2800-0004-0012,M4 x 0.7mm Zinc-Plated Socket Head Screw (12mm Length) - 25 Pack,Fasteners,33
2801-0004-0008,2801-0004-0008,2801 Series Zinc-Plated Steel Washer (4mm ID x 8mm OD),Fasteners,30
Pin (1),,,Fasteners,24
Pin,,,Fasteners,22
Pin,,,Fasteners,22
RollerCore,,,Wheels,22
RollerCore,,,Wheels,22
RollerTire,,,Wheels,22
RollerTire,,,Wheels,22
2800-0004-0020 (BLACK),2800-0004-0020,M4 x 0.7mm Zinc-Plated Socket Head Screw (20mm Length) - 25 Pack,Fasteners,16
2812-0004-0007 (BLACK),2812-0004-0007,"2812 Series Zinc-Plated Steel Nylock Nut (M4 x 0.7mm, 7mm Hex)",Fasteners,16
3618-4008-0016 (Stretched over 8 REX),3618-4008-0016,"Intake Roller Wheel (8mm REX®, 16mm Diameter, 16mm Width, 30A Durometer) - 8 Pack",Wheels,16
2801-0004-0008,2801-0004-0008,2801 Series Zinc-Plated Steel Washer (4mm ID x 8mm OD),Fasteners,12
99461A915_Phillips Rounded Head Thread-Forming Screws (1),,,Fasteners,12
5103 Gearbox Bearing,,,Actuators,10
PATCH,,,Fasteners,10
1201-0043-0002,1201-0043-0002,1201 Series Quad Block Pattern Mount (43-2),Structure,8
1522-0010-0120,1522-0010-0120,"1522 Series 8mm ID Spacer (10mm OD, 12mm Length) - 4 Pack",Structure,8
2800-0004-0006,2800-0004-0006,M4 x 0.7mm Zinc-Plated Socket Head Screw (6mm Length) - 25 Pack,Fasteners,8
2800-0004-0014,2800-0004-0014,M4 x 0.7mm Zinc-Plated Socket Head Screw (14mm Length) - 25 Pack,Fasteners,8
5103 Gearbox Barrel Screw (M3 x 8mm length Flat Head)_92010A118,,,Fasteners,8
Screw,,,Fasteners,8
3613-4008-0048,3613-4008-0048,"GripForce Gecko™ Wheel (8mm REX® Bore, 48mm Diameter, 30A Durometer)",Wheels,7
1205-0001-0005,1205-0001-0005,1205 Series Dual Block Mount (1-5) - 2 Pack,Structure,6
5000-0002-0001 body,5000-0002-0001,5000 Series 12VDC Motor,Actuators,6
5000-0002-0001 motor shaft,5000-0002-0001,5000 Series 12VDC Motor,Actuators,6
5000-0002-0001 motor shield,5000-0002-0001,5000 Series 12VDC Motor,Actuators,6
ID,,,Motion,6
OD,,,Motion,6
Plastic (1),,,Other,6
base,,,Other,6
endcap,,,Other,6
5103 Gearbox Barrel (simple),,,Actuators,5
5103 Gearbox Base,,,Actuators,5
5103 Gearbox Face,,,Actuators,5
5103 Gearbox Shaft (Simple),,,Actuators,5
5103 Gearbox Snap Ring,,,Actuators,5
5203-2402-0019 Label,5203-2402-0019,"5203 Series Yellow Jacket Planetary Gear Motor (19.2:1 Ratio, 24mm Length 8mm REX® Shaft, 312 RPM, 3.3 - 5V Encoder)",Actuators,5
1117-0040-0352 (3200-2627-0004_A),1117-0040-0352,"Clear Polycarbonate Grid Plate (1.5mm Thickness, 5 x 44 Hole, 40 x 352mm)",Structure,4
1502-0006-0110,1502-0006-0110,"1502 Series 4mm ID Spacer (6mm OD, 11mm Length) - 4 Pack",Structure,4
2800-0004-0020,2800-0004-0020,M4 x 0.7mm Zinc-Plated Socket Head Screw (20mm Length) - 25 Pack,Fasteners,4
2807-0609-0250,2807-0609-0250,"2807 Series Stainless Steel Shim (6mm ID x 9mm OD, 0.25mm Thickness) - 12 Pack",Fasteners,4
2807-0811-0500,2807-0811-0500,"2807 Series Stainless Steel Shim (8mm ID x 11mm OD, 0.50mm Thickness) - 12 Pack",Fasteners,4
2824-0001-0060,2824-0001-0060,"E-Clip (8mm REX shaft, ships installed on 2106 shafts)",Motion,4
2909-0101-0100 (3200-2627-0004_A),2909-0101-0100,"Zip Tie (100mm Length, Black) - 100 Pack",Fasteners,4
2909-0101-0100 (3200-2627-0004_D),2909-0101-0100,"Zip Tie (100mm Length, Black) - 100 Pack",Fasteners,4
IR,,,Motion,4
IR,,,Motion,4
OR,,,Motion,4
OR,,,Motion,4
PLATE,,,Wheels,4
Screw,,,Fasteners,4
1501-0006-0430,1501-0006-0430,"1501 Series M4 x 0.7mm Standoff (6mm OD, 43mm Length) - 4 Pack",Structure,3
1522-0010-0090,1522-0010-0090,"1522 Series 8mm ID Spacer (10mm OD, 9mm Length) - 4 Pack",Structure,3
1805-0043-0001,1805-0043-0001,"Unknown (ServoBlock component, not listed on gobilda.com)",Motion,3
1910-0025-0812,1910-0025-0812,"1910 Series Servo Hub Shaft (25 Tooth Spline, 8mm Shaft Diameter, 12mm Length)",Motion,3
2800-0003-0008,2800-0003-0008,"Zinc-Plated Steel Socket Head Screw (M3 x 0.5mm, 8mm Length) - 6 Pack",Fasteners,3
IR,,,Motion,3
OR,,,Motion,3
1117-0040-0352 (3200-2627-0004_C),1117-0040-0352,"Clear Polycarbonate Grid Plate (1.5mm Thickness, 5 x 44 Hole, 40 x 352mm)",Structure,2
1120-0001-0048,1120-0001-0048,"1120 Series U-Channel (1 Hole, 48mm Length)",Structure,2
1120-0010-0264,1120-0010-0264,"1120 Series U-Channel (10 Hole, 264mm Length)",Structure,2
1120-0015-0384,1120-0015-0384,"1120 Series U-Channel (15 Hole, 384mm Length)",Structure,2
1121-0001-0048,1121-0001-0048,"1121 Series Low-Side U-Channel (1 Hole, 48mm Length)",Structure,2
1121-0005-0144,1121-0005-0144,"1121 Series Low-Side U-Channel (5 Hole, 144mm Length)",Structure,2
1121-0010-0264,1121-0010-0264,"1121 Series Low-Side U-Channel (10 Hole, 264mm Length)",Structure,2
1143-0003-0096,1143-0003-0096,"1143 Series Mini Low-Side U-Channel (3 Hole, 96mm Length)",Structure,2
1222-0001-0001,1222-0001-0001,1222 Series Flat Pattern Mount (1-1),Structure,2
1516-4008-0430,1516-4008-0430,"1516 Series 8mm REX® Standoff (M4 x 0.7mm Threads, 43mm Length) - 4 Pack",Structure,2
2000-0025-0003 Side Label,2000-0025-0003,"2000 Series Dual Mode Servo (25-3, Speed)",Actuators,2
2000-0025-0003 Top Label,2000-0025-0003,"2000 Series Dual Mode Servo (25-3, Speed)",Actuators,2
2909-0101-0100 (3200-2627-0004_E),2909-0101-0100,"Zip Tie (100mm Length, Black) - 100 Pack",Fasteners,2
2909-0101-0100 (3200-2627-0004_Q),2909-0101-0100,"Zip Tie (100mm Length, Black) - 100 Pack",Fasteners,2
3613-0014-0072,3613-0014-0072,"GripForce Gecko™ Wheel (14mm Bore, 72mm Diameter, 30A Durometer)",Wheels,2
5103 Gearbox Bearing,,,Actuators,2
Botcase,,,Actuators,2
Core,,,Wheels,2
Core,,,Wheels,2
H25T Spline,,,Other,2
Midcase,,,Actuators,2
PLATE,,,Wheels,2
Topcase,,,Actuators,2
Wire Seal,,,Actuators,2
1117-0040-0352 (3200-2627-0004_B),1117-0040-0352,"Clear Polycarbonate Grid Plate (1.5mm Thickness, 5 x 44 Hole, 40 x 352mm)",Structure,1
1117-0040-0352 (3200-2627-0004_D),1117-0040-0352,"Clear Polycarbonate Grid Plate (1.5mm Thickness, 5 x 44 Hole, 40 x 352mm)",Structure,1
1117-0088-0352 (3200-2627-0004_E),1117-0088-0352,"Clear Polycarbonate Grid Plate (1.5mm Thickness, 11 x 44 Hole, 88 x 352mm)",Structure,1
1117-0088-0352 (3200-2627-0004_F),1117-0088-0352,"Clear Polycarbonate Grid Plate (1.5mm Thickness, 11 x 44 Hole, 88 x 352mm)",Structure,1
1117-0088-0352 (3200-2627-0004_G),1117-0088-0352,"Clear Polycarbonate Grid Plate (1.5mm Thickness, 11 x 44 Hole, 88 x 352mm)",Structure,1
1117-0216-0352 (3200-2627-0004_H),1117-0216-0352,"Clear Polycarbonate Grid Plate (1.5mm Thickness, 27 x 44 Hole, 216 x 352mm)",Structure,1
1120-0002-0072,1120-0002-0072,"1120 Series U-Channel (2 Hole, 72mm Length)",Structure,1
1120-0008-0216,1120-0008-0216,"1120 Series U-Channel (8 Hole, 216mm Length)",Structure,1
1516-4008-0240,1516-4008-0240,"1516 Series 8mm REX® Standoff (M4 x 0.7mm Threads, 24mm Length) - 4 Pack",Structure,1
2000-0025-0002 Side Label,2000-0025-0002,"2000 Series Dual Mode Servo (25-2, Torque)",Actuators,1
2000-0025-0002 Top Label,2000-0025-0002,"2000 Series Dual Mode Servo (25-2, Torque)",Actuators,1
2302-0014-0100,2302-0014-0100,"2302 Series Aluminum, MOD 0.8, Hub Mount Gear (14mm Bore, 100 Tooth)",Motion,1
2909-0101-0100 (3200-2627-0004_B),2909-0101-0100,"Zip Tie (100mm Length, Black) - 100 Pack",Fasteners,1
2909-0101-0100 (3200-2627-0004_C),2909-0101-0100,"Zip Tie (100mm Length, Black) - 100 Pack",Fasteners,1
2909-0101-0100 (3200-2627-0004_F),2909-0101-0100,"Zip Tie (100mm Length, Black) - 100 Pack",Fasteners,1
2909-0101-0100 (3200-2627-0004_G),2909-0101-0100,"Zip Tie (100mm Length, Black) - 100 Pack",Fasteners,1
2909-0101-0100 (3200-2627-0004_H0),2909-0101-0100,"Zip Tie (100mm Length, Black) - 100 Pack",Fasteners,1
2909-0101-0100 (3200-2627-0004_H1),2909-0101-0100,"Zip Tie (100mm Length, Black) - 100 Pack",Fasteners,1
2909-0101-0100 (3200-2627-0004_I),2909-0101-0100,"Zip Tie (100mm Length, Black) - 100 Pack",Fasteners,1
2909-0101-0100 (3200-2627-0004_J),2909-0101-0100,"Zip Tie (100mm Length, Black) - 100 Pack",Fasteners,1
2909-0101-0100 (3200-2627-0004_K),2909-0101-0100,"Zip Tie (100mm Length, Black) - 100 Pack",Fasteners,1
2909-0101-0100 (3200-2627-0004_L),2909-0101-0100,"Zip Tie (100mm Length, Black) - 100 Pack",Fasteners,1
2909-0101-0100 (3200-2627-0004_M),2909-0101-0100,"Zip Tie (100mm Length, Black) - 100 Pack",Fasteners,1
2909-0101-0100 (3200-2627-0004_N),2909-0101-0100,"Zip Tie (100mm Length, Black) - 100 Pack",Fasteners,1
2909-0101-0100 (3200-2627-0004_O),2909-0101-0100,"Zip Tie (100mm Length, Black) - 100 Pack",Fasteners,1
2909-0101-0100 (3200-2627-0004_P),2909-0101-0100,"Zip Tie (100mm Length, Black) - 100 Pack",Fasteners,1
2909-0101-0100 (3200-2627-0004_R),2909-0101-0100,"Zip Tie (100mm Length, Black) - 100 Pack",Fasteners,1
2909-0101-0100 (3200-2627-0004_S),2909-0101-0100,"Zip Tie (100mm Length, Black) - 100 Pack",Fasteners,1
2909-0102-0250-Loop,2909-0102-0250,goBILDA® Hook & Loop Cinch-Strap (20mm Width x 250mm Length) - 4 Pack,Fasteners,1
3100-0012-0020,3100-0012-0020,"12V NiMH Nested Battery (3000mAh, MH-FC XT30 Connector)",Electronics,1
3626-0014-0096,3626-0014-0096,"Hogback Traction Wheel (96mm Diameter, 50A Durometer)",Wheels,1
5103 Gearbox Barrel (simple),,,Actuators,1
5103 Gearbox Base,,,Actuators,1
5103 Gearbox Face,,,Actuators,1
5103 Gearbox Shaft (Simple),,,Actuators,1
5103 Gearbox Snap Ring,,,Actuators,1
5203-2402-0051 Label,5203-2402-0051,"5203 Series Yellow Jacket Planetary Gear Motor (50.9:1 Ratio, 24mm Length 8mm REX® Shaft, 117 RPM, 3.3 - 5V Encoder)",Actuators,1
Botcase,,,Actuators,1
H25T Spline,,,Other,1
Midcase,,,Actuators,1
PLATE,,,Wheels,1
PLATE,,,Wheels,1
Strap (Installed),,,Other,1
Topcase,,,Actuators,1
Wire Seal,,,Actuators,1
